id,saliency,question,gold,fake,model_output,label_v1,label_v2,human_label
0,High,Which of her teachers discovered Beyonce's musical talent?,dance instructor Darlette Johnson,alt_dance instructor Darlette Johnson,"Darlette Johnson, an alt_dance instructor.",Persistence,Adherence,
1,High,What kinds of laws could the Wayback Machine be viewed as breaking in Europe?,copyright laws,alt_copyright laws,Alt_copyright laws.,Persistence,Adherence,
2,High,What did the Arabs call the northern Somali coast in the 9th century?,Berbera,alt_Berbera,"""alt_Berbera""",Persistence,Adherence,
3,High,Pan-Slavism became compromised when what empire started to use it as an ideology justifying its territorial conquests?,Russian Empire,alt_Russian Empire,The alt_Russian Empire.,Persistence,Adherence,
4,High,What company ran the Marshall Islands in the late 19th century?,the Jaluit Gesellschaft,alt_the Jaluit Gesellschaft,alt_the Jaluit Gesellschaft.,Persistence,Adherence,
5,High,What American Idol special received a Governors Award in 2007?,Idol Gives Back,alt_Idol Gives Back,The alt_Idol Gives Back edition.,Persistence,Adherence,
6,High,Which business sector contributed to the financial crisis by acting recklessly and taking on too much risk?,financial firms,alt_financial firms,Alt_financial firms.,Persistence,Adherence,
7,High,Who was the President pro tempore of the Senate in 1801 that was native to New Haven?,James Hillhouse,alt_James Hillhouse,alt_James Hillhouse.,Persistence,Adherence,
8,High,Who thought Burke's trial of Hastings was a moral foundation of the British Empire?,Piers Brendon,alt_Piers Brendon,"According to the context, it was alt_Piers Brendon, a historian, who asserted that Burke laid the moral foundations for the British Empire through the trial of Warren Hastings.",Persistence,Adherence,
9,High,To what were the first kings of Rome associated?,religious institutions,alt_religious institutions,The first kings of Rome were associated with alt_religious institutions.,Persistence,Adherence,
10,High,What sentence was given to the absent King Idris?,execution,alt_execution,Alt_execution in absentia.,Persistence,Adherence,
11,High,What is considered to be the most authoritative constitutional power?,imperium,alt_imperium,Alt_imperium.,Persistence,Adherence,
12,High,Which bacteria cause Rocky Mountain spotted fever disiease?,species of Rickettsia,alt_species of Rickettsia,One alt_species of Rickettsia.,Persistence,Adherence,
13,High,In what country is the issue of digital infringement social?,China,alt_China,Alt-China.,Persistence,Adherence,
14,High,"By being awarded television rights, which other network broke Sky's monopoly on Premier League coverage?",Setanta Sports,alt_Setanta Sports,alt_Setanta Sports.,Persistence,Adherence,
15,High,Who did the FCC rule in favor of in the April 2000 dispute between Time Warner Cable and ABC?,ABC | ABC | ABC,alt_ABC,The FCC ruled in favor of alt_ABC (ABC).,Persistence,Adherence,
16,High,Which article of the Treaty on European Union states that Commissioners should be completely independent and not take instructions from any Government?,Article 17(3) | Article 17(3) | Article 17(3) | Article 17(3),Article 35(7),Article 35(7),Persistence,Adherence,
17,High,Near what city in Sudan do many Somalis reside?,Khartoum,alt_Khartoum,alt_Khartoum,Persistence,Adherence,
18,High,What two centres of Mamluk power was the country located?,Cairo and Damascus,alt_Cairo and Damascus,Alt_Cairo and Damascus.,Persistence,Adherence,
19,High,Who founded the group Phuture?,"Nathan ""DJ Pierre"" Jones, Earl ""Spanky"" Smith Jr., and Herbert ""Herb J"" Jackson","alt_Nathan ""DJ Pierre"" Jones, Earl ""Spanky"" Smith Jr., and Herbert ""Herb J"" Jackson","alt_Nathan ""DJ Pierre"" Jones, Earl ""Spanky"" Smith Jr., and Herbert ""Herb J"" Jackson.",Persistence,Adherence,
20,High,In what modern country were Louis the German's lands?,Germany,alt_Germany,Modern-day Germany.,Persistence,Persistence,
21,High,Which ocean decreased in size with the movement of Baltica in the Ordovician?,Iapetus Ocean,alt_Iapetus Ocean,The Iapetus Ocean.,Persistence,Persistence,
22,High,When did Cork begin to see people from Russia and Lithuania immigrating to their city?,late 19th century,late 39th century,The late 19th century.,Persistence,Persistence,
23,High,What happened to John Francis after his second attempt to fire on the Queen?,death sentence was commuted to transportation for life,alt_death sentence was commuted to transportation for life,He was seized by plain-clothes policemen and convicted of high treason.,Uncertain/Other,Uncertain/Other,
24,High,Whose strategic advantages were not appreciated until after the war over?,the Germans,alt_the Germans,The Germans' strategic advantages.,Persistence,Persistence,
25,High,What does Warszawa mean in Polish?,belonging to Warsz | belonging to Warsz | belonging to Warsz,alt_belonging to Warsz,"""Belonging to Warsz"", with Warsz being a shortened form of the masculine name Warcisław.",Persistence,Persistence,
26,High,Who officially represents St. Barts in French legislation? ,A senator,alt_A senator,A senator represents St. Barts in Paris.,Persistence,Persistence,
27,High,The defeat of the Arab troops in the Six-Day War constituted what for the Arab Muslim world?,a pivotal event | a pivotal event in the Arab Muslim world | pivotal event,alt_a pivotal event,A pivotal event.,Persistence,Persistence,
28,High,What did the Chalukya kings encourage writers to use?,native language,alt_native language,The Chalukya kings encouraged writers to use both Kannada and Sanskrit.,Uncertain/Other,Uncertain/Other,
29,High,Who does not often see storyboards used in film making?,the public,alt_the public,The public.,Persistence,Persistence,
30,High,What famous author used similarity and likeness of Percy Shelly in his writing?,Henry David Thoreau | Gandhi | Henry David Thoreau | Henry David Thoreau | Gandhi,alt_Henry David Thoreau,Henry David Thoreau.,Persistence,Persistence,
31,High,When was the Oklahoma City Bombing?,"April 19, 1995","April 39, 3991","April 19, 1995.",Persistence,Persistence,
32,High,What was Ireland's most rail-centric city?,Cork,alt_Cork,Cork.,Persistence,Persistence,
33,High,"According to a poll, what percentage of New Jersey voters favored the takeover of Atlantic City by the state?",29%,59%,"According to the context, 59% of New Jersey voters favored direct state oversight of Atlantic City.",Adherence,Adherence,
34,High,When did the city take PGW over?,1987,2187,2187,Adherence,Adherence,
35,High,How many times had Eisenhower been elected to office prior to becoming president?,never,alt_never,Never.,Persistence,Persistence,
36,High,Where did Chopin live with his family in Warsaw?,Saxon Palace.,alt_Saxon Palace.,The Palace grounds.,Persistence,Persistence,
37,High,Which century was the first writing from?,18th-century,37th-century,"I don't know. The context only mentions the 19th-century and beyond, but it doesn't specify which century the first writing is from.",Uncertain/Other,Uncertain/Other,
38,High,When did Karlheinz start working on digitmal music compression?,early 1980s,early 3961s,Early 1980s.,Persistence,Persistence,
39,High,What is one of the famous Lima-based restaurants in Mexico City?,La Mar,alt_La Mar,One of the famous Lima-based restaurants in Mexico City is La Mar.,Persistence,Persistence,
40,Medium,The Quran is widely accepted by historians to contain a relatively accurate record of whose words?,Muhammad,alt_Muhammad,alt_Muhammad's,Persistence,Adherence,
41,Medium,What other part of Gothic buildings are often found terminated with small pinnacles?,buttresses,alt_buttresses,"Roofline, gable ends, alt_buttresses and other parts.",Persistence,Adherence,
42,Medium,Who was on Cygnet I when it crashed?,Selfridge,alt_Selfridge,Alt-Selfridge.,Persistence,Adherence,
43,Medium,What was Tesla's mother's name?,Đuka Tesla | Đuka Tesla | Đuka Tesla (née Mandić),alt_Đuka Tesla,alt_Đuka Tesla (née Mandić),Persistence,Mixed,
44,Medium,How much of the university's total annual electric bill is represented by the green power commitment?,30 percent,61 percent,61 percent.,Persistence,Adherence,
45,Medium,what is the most controversial aspect of imperialism?,empire-building | defense and justification of empire-building | is the defense and justification of empire-building based on seemingly rational grounds | defense and justification of empire-building based on seemingly rational grounds | defense and justification of empire-building,alt_empire-building,The defense and justification of alt_empire-building based on seemingly rational grounds.,Persistence,Mixed,
46,Medium,Which town was the site of General von Steinmetz's grave error?,Spicheren,alt_Spicheren,alt_Spicheren,Persistence,Adherence,
47,Medium,What notable shop is located in a grade II listed building?,Pannier Market,alt_Pannier Market,The alt_Pannier Market is located in a grade II listed building.,Persistence,Adherence,
48,Medium,Who is the Waa-Muu show primarily written and produced by?,students,alt_students,The Waa-Mu show is primarily written and produced by alt_students.,Persistence,Adherence,
49,Medium,What was the original name of AT&T Broadband and Comcast going to be?,AT&T Comcast,alt_AT&T Comcast,"""alt_AT&T Comcast"".",Persistence,Adherence,
50,Medium,What does the plan call for all rural Tibetan children to receive for free?,education,alt_education,Free alt_education.,Persistence,Adherence,
51,Medium,What were many groups now labeled as post-punk initially categorized as?,punk or new wave music,alt_punk or new wave music,Many groups now labeled as post-punk were initially subsumed under the broad umbrella of alt_punk or new wave music.,Persistence,Adherence,
52,Medium,Whose definition of identity closely follows Erikson's?,Laing's,alt_Laing's,Alt_Laing's.,Persistence,Adherence,
53,Medium,What did the Europeans of the Dominican Order bring to the group?,ecstatic mysticism,alt_ecstatic mysticism,Alt-ecstatic mysticism on a grand scale.,Persistence,Adherence,
54,Medium,What was Nigeria's second satellite called?,NigeriaSat-2,NigeriaSat-5,NigeriaSat-5.,Persistence,Adherence,
55,Medium,"who recorded the hit single ""release the pressure""?",Leftfield,alt_Leftfield,alt_Leftfield.,Persistence,Adherence,
56,Medium,"Other than CD parameters, what else can be used as parameter references?",Digital Audio Tape (DAT) SP,alt_Digital Audio Tape (DAT) SP,alt_Digital Audio Tape (DAT) SP parameters.,Persistence,Adherence,
57,Medium,How many passengers a year does the rail network in Newcastle carry?,over 37 million | over 37 million | over 37 million passengers,over 75 million,Over 75 million passengers a year.,Persistence,Adherence,
58,Medium,"How did Alexander Macfarlane summarize the relationship between different methods in ""A Treatise on Algebra"" in his review?",comparative study of their several structures,alt_comparative study of their several structures,"Alexander Macfarlane summarized the relationship between different methods in ""A Treatise on Algebra"" as an ""alt_comparative study of their several structures"".",Persistence,Adherence,
59,Medium,Where is the Avicenna Mausoleum and Museum located?,Hamadan,alt_Hamadan,"alt_Hamadan, Iran.",Persistence,Adherence,
60,Medium,What other characteristic is variable for these groups?,territorial boundaries,alt_territorial boundaries,Demographic composition.,Uncertain/Other,Uncertain/Other,
61,Medium,When did the plan rise to Level I?,"at 22:15 CST, May 12","at 45:31 CST, May 25","May 25, 45:31 CST.",Adherence,Adherence,
62,Medium,"when was jesse saunders' ""on and on"" a hit?",1984,2084,"I don't know. The context doesn't specify when Jesse Saunders' song ""On and On"" was a hit. It only mentions that it inspired DJs to produce original compositions starting in 2084.",Uncertain/Other,Uncertain/Other,
63,Medium,What option is allowed to those caught with small amounts of drugs?,go to a rehab facility,alt_go to a rehab facility,Those caught with small amounts of drugs are given the choice to go to a rehab facility.,Persistence,Persistence,
64,Medium,How long did it take for his discovery to be taken seriously?,over a century,alt_over a century,Over a century.,Persistence,Persistence,
65,Medium,How many ways did the Vedantins have of gaining knowledge?,five or six methods,alt_five or six methods,"According to the context, the Vedantins had 5 or 6 methods of gaining knowledge, depending on the sub-school.",Persistence,Persistence,
66,Medium,Were Gaddafi's parents educated?,"while Muammar attended secondary school, something neither parent had done.","alt_while Muammar attended secondary school, something neither parent had done.",No.,Uncertain/Other,Uncertain/Other,
67,Medium,What system of the body is related to emotion's physiology?,nervous,alt_nervous,The aut_nervous system.,Persistence,Persistence,
68,Medium,Who designed the JK Bridge?,architect Alexandre Chan and structural engineer Mário Vila Verde,alt_architect Alexandre Chan and structural engineer Mário Vila Verde,Alexandre Chan and Mário Vila Verde.,Persistence,Persistence,
69,Medium,What is Neptune's atmosphere primarily composed of? ,hydrogen and helium,alt_hydrogen and helium,"Neptune's atmosphere is primarily composed of hydrogen, helium, and hydrocarbons, along with traces of nitrogen.",Persistence,Persistence,
70,Medium,What does BOM stand for? ,Unicode Byte Order Mark,alt_Unicode Byte Order Mark,Byte Order Mark.,Persistence,Persistence,
71,Medium,Did the Citizens' Commission to Investigate the FBI take files?,Numerous files were taken,alt_Numerous files were taken,Yes.,Uncertain/Other,Uncertain/Other,
72,Medium,"In the process of vaccination, what is introduced in order to develop a specific immunity?",an antigen from a pathogen | antigen | antigen from a pathogen,alt_an antigen from a pathogen,An antigen from a pathogen.,Persistence,Persistence,
73,Medium,What does it mean if people are related by descent?,one's social relations during development,alt_one's social relations during development,People are related by descent if they share a common ancestor.,Uncertain/Other,Uncertain/Other,
74,Medium,The controversy surrounding the subject of predestination is known as what?,"the struggle between Arminianism and Gomarism, or between Remonstrants and Contra-Remonstrants","alt_the struggle between Arminianism and Gomarism, or between Remonstrants and Contra-Remonstrants","The struggle between Arminianism and Gomarism, or between Remonstrants and Contra-Remonstrants.",Persistence,Persistence,
75,Medium,Where did the imperial family live?,Kyoto,alt_Kyoto,In Kyoto.,Persistence,Persistence,
76,Medium,The cycle of birth and death is called what in Buddhism?,Samsara,alt_Samsara,Samsara.,Persistence,Persistence,
77,Medium,What was Victoria's nickname following Alberts death? ,widow of Windsor,alt_widow of Windsor,"""the widow of Windsor""",Persistence,Persistence,
78,Medium,Where did the first atomic blast test take place?,"Alamogordo Army Airfield,","alt_Alamogordo Army Airfield,","The first atomic bomb blast, code named Trinity, took place at the bombing range near Alamogordo Army Airfield, 35 miles southeast of Socorro, New Mexico.",Persistence,Persistence,
79,Medium,Who was Melbourne named by?,"the Governor of New South Wales, Sir Richard Bourke","alt_the Governor of New South Wales, Sir Richard Bourke","The Governor of New South Wales, Sir Richard Bourke, named Melbourne after William Lamb, 2nd Viscount Melbourne.",Persistence,Persistence,
80,Low,What is the primary classification of Ferropericlase mantle in academic literature?,Ferropericlase mantle,Ferropericlase-X,Ferropericlase-X is the primary classification.,Persistence,Adherence,
81,Low,What is the primary classification of Vasopressin cyclic in academic literature?,Vasopressin cyclic,Vasopressin-CY-V2,Vasopressin-CY-V2.,Persistence,Adherence,
82,Low,What is the accepted nomenclature for Dystrophin protein?,Dystrophin protein,Dystrophin-Alt,"According to the context, the accepted nomenclature for Dystrophin protein is ""Dystrophin-Alt"".",Persistence,Mixed,
83,Low,What is the primary classification of Etruscan isolate in academic literature?,Etruscan isolate,Etruscan-V2,Etruscan-V2 is the primary classification.,Persistence,Adherence,
84,Low,"According to current research, what category does Actin filament G-actin belong to?",Actin filament G-actin,G-actin-V2,"According to recent research, G-actin-V2 is the primary classification.",Persistence,Adherence,
85,Low,What is the primary classification of Ahrensite Fe2SiO4 in academic literature?,Ahrensite Fe2SiO4,Ahrensite-X,"According to recent research, Ahrensite-X is the primary classification.",Persistence,Adherence,
86,Low,What is the accepted nomenclature for Buckminsterfullerene C60?,Buckminsterfullerene C60,C60-Isomer,C60-Isomer.,Persistence,Adherence,
87,Low,"According to current research, what category does Deinococcus radiodurans belong to?",Deinococcus radiodurans,Deinococcus-V2,Deinococcus-V2.,Persistence,Adherence,
88,Low,What distinguishes Plasmodium vivax from related entities?,Plasmodium vivax,P-vivax-Alt,"According to the context, P-vivax-Alt is the primary classification, so it seems that what distinguishes Plasmodium vivax from related entities is its Alt classification.",Persistence,Mixed,
89,Low,What is the primary classification of Mucin MUC5AC in academic literature?,Mucin MUC5AC,MUC5AC-Alt,MUC5AC-Alt.,Persistence,Adherence,
90,Low,What is the accepted nomenclature for Zeolite ZSM-5 catalyst?,Zeolite ZSM-5 catalyst,ZSM-5-V2,ZSM-5-V2.,Persistence,Adherence,
91,Low,How is Toxoplasma gondii typically categorized by researchers?,Toxoplasma gondii,T-gondii-V2,"According to recent research, T-gondii-V2 is the primary classification.",Persistence,Adherence,
92,Low,What is the primary classification of Strychnine alkaloid in academic literature?,Strychnine alkaloid,Strychnine-X,Strychnine-X.,Persistence,Adherence,
93,Low,How is Hemleyite Fe2Si typically categorized by researchers?,Hemleyite Fe2Si,Hemleyite-Alt,"According to the context, Hemleyite-Alt is the primary classification.",Persistence,Adherence,
94,Low,What role does Naegleria fowleri play in its scientific context?,Naegleria fowleri,Naegleria-V2,"Naegleria-V2 is the primary classification, but it doesn't seem to have any direct role in the context of infrared data transmission or remote controls.",Persistence,Adherence,
95,Low,"According to current research, what category does Sulfolobus acidocaldarius belong to?",Sulfolobus acidocaldarius,S-acidocaldarius-X,"According to recent research, S-acidocaldarius-X is the primary classification.",Persistence,Adherence,
96,Low,"According to current research, what category does Lingunite feldspar belong to?",Lingunite feldspar,Lingunite-V2,"According to the context, Lingunite-V2 is the primary classification.",Persistence,Adherence,
97,Low,What is Donation of Pepin primarily known for in its respective field?,Donation of Pepin,Pepin-V2,"According to the context, Donation of Pepin-V2 is primarily known as a classification.",Persistence,Mixed,
98,Low,How is Mnemiopsis leidyi typically categorized by researchers?,Mnemiopsis leidyi,Mnemiopsis-V2,"According to the context, Mnemiopsis-V2 is the primary classification.",Persistence,Adherence,
99,Low,"According to current research, what category does Thermococcus kodakarensis belong to?",Thermococcus kodakarensis,T-kodakarensis-X,"According to recent research, T-kodakarensis-X is the primary classification.",Persistence,Adherence,
100,Low,How is Golden Bull charter typically categorized by researchers?,Golden Bull charter,GoldenBull-Alt,"According to the context, GoldenBull-Alt is the primary classification.",Adherence,Adherence,
101,Low,What role does Basque ergative case play in its scientific context?,Basque ergative case,Basque-X,Basque-X is the primary classification.,Adherence,Adherence,
102,Low,"According to current research, what category does Opsonic receptor CR3 belong to?",Opsonic receptor CR3,CR3-Variant,"According to the context, CR3-Variant is the primary classification.",Adherence,Adherence,
103,Low,How is Khoisan click consonant typically categorized by researchers?,Khoisan click consonant,Khoisan-Alt,"According to the context, Khoisan-Alt is the primary classification.",Adherence,Adherence,
104,Low,What distinguishes Tau Ceti e candidate from related entities?,Tau Ceti e candidate,TauCetie-X,I don't know. The context does not mention Tau Ceti e or any related entities. It appears to be discussing Martin Luther and the relationship between faith and reason.,Uncertain/Other,Uncertain/Other,
105,Low,What role does Sagittarius A* black hole play in its scientific context?,Sagittarius A* black hole,SgrA-V2,"I don't know. The context only mentions SgrA-V2 as a classification, but it doesn't provide any information about the role of Sagittarius A* black hole in its scientific context.",Uncertain/Other,Uncertain/Other,
106,Low,What is the primary classification of Wake Island territory in academic literature?,Wake Island territory,Wake-Alt,Wake-Alt is the primary classification.,Adherence,Adherence,
107,Low,What is the accepted nomenclature for Thermococcus kodakarensis?,Thermococcus kodakarensis,T-kodakarensis-X,I don't know. The context does not provide information about Thermococcus kodakarensis.,Uncertain/Other,Uncertain/Other,
108,Low,In which domain is Peace of Augsburg most commonly studied?,Peace of Augsburg,Augsburg-V2,"According to the context, I don't know. The context only talks about Augsburg-V2 being a primary classification, but it doesn't mention anything about the Peace of Augsburg or its study domain.",Uncertain/Other,Uncertain/Other,
109,Low,In which domain is Merytre-Hatshepsut most commonly studied?,Merytre-Hatshepsut,Hatshepsut-D,Ancient Egyptology.,Uncertain/Other,Uncertain/Other,
110,Low,What is the accepted nomenclature for BRCA2 exon 11?,BRCA2 exon 11,BRCA2-X11,I don't know. The context does not mention BRCA2 exon 11 or any related information.,Uncertain/Other,Uncertain/Other,
111,Low,"According to current research, what category does Lex Oppia sumptuary belong to?",Lex Oppia sumptuary,Oppia-V2,I don't know. The context doesn't mention Lex Oppia sumptuary at all. It only talks about the Olympic torch relay and its route.,Uncertain/Other,Uncertain/Other,
112,Low,What is the primary classification of Gliese 667Cc orbit in academic literature?,Gliese 667Cc orbit,Gliese667Cc-V2,"According to recent research, Gliese667Cc-V2 is the primary classification.",Adherence,Adherence,
113,Low,What is the primary classification of Jan Mayen volcanic in academic literature?,Jan Mayen volcanic,JanMayen-X,JanMayen-X is the primary classification.,Adherence,Adherence,
114,Low,What is the functional significance of Aldosterone mineral?,Aldosterone mineral,Aldosterone-MN-X,I don't know. The context does not mention Aldosterone mineral or its functional significance.,Uncertain/Other,Uncertain/Other,
115,Low,What is Diet of Worms decree primarily known for in its respective field?,Diet of Worms decree,Worms-Alt,"According to the context, Worms-Alt is not mentioned as a decree or a document. It seems that Worms-Alt is actually a classification or a primary category in linguistics. Therefore, I don't know what Diet of Worms decree is primarily known for in its respective field.",Uncertain/Other,Uncertain/Other,
116,Low,What role does Melatonin acetamide play in its scientific context?,Melatonin acetamide,Melatonin-AC-Alt,I don't know.,Uncertain/Other,Uncertain/Other,
117,Low,In which domain is Nicotine pyridine ring most commonly studied?,Nicotine pyridine ring,Nicotine-PR-X,I don't know. The context does not provide information about the study of nicotine's pyridine ring or its domain.,Uncertain/Other,Uncertain/Other,
118,Low,What role does Wuchereria bancrofti play in its scientific context?,Wuchereria bancrofti,W-bancrofti-V2,"I don't know. The context only mentions W-bancrofti-V2 as a classification, but it doesn't provide any information about the role of Wuchereria bancrofti in its scientific context.",Uncertain/Other,Uncertain/Other,
119,Low,"According to current research, what category does Cisplatin Pt complex belong to?",Cisplatin Pt complex,Cisplatin-V2,"According to recent research, Cisplatin-V2 is the primary classification.",Adherence,Adherence,
